Año,Trimestre,Provincia,Accesos por cada 100 hogares
2024,1,Buenos Aires,81.1
2024,1,Capital Federal,119.53
2024,1,Catamarca,68.82
2024,1,Chaco,46.7
2024,1,Chubut,84.89
2024,1,Córdoba,90.7
2024,1,Corrientes,51.94
2024,1,Entre Ríos,69.31
2024,1,Formosa,39.61
2024,1,Jujuy,57.65
2024,1,La Pampa,100.49
2024,1,La Rioja,80.03
2024,1,Mendoza,52.59
2024,1,Misiones,56.76
2024,1,Neuquén,79.5
2024,1,Río Negro,71.14
2024,1,Salta,56.3
2024,1,San Juan,51.62
2024,1,San Luis,102.7
2024,1,Santa Cruz,67.58
2024,1,Santa Fe,80.4
2024,1,Santiago Del Estero,49.41
2024,1,Tierra Del Fuego,109.78
2024,1,Tucumán,60.48
2023,4,Buenos Aires,80.96
2023,4,Capital Federal,117.02
2023,4,Catamarca,68.63
2023,4,Chaco,44.35
2023,4,Chubut,84.96
2023,4,Córdoba,90.67
2023,4,Corrientes,52.56
2023,4,Entre Ríos,69.94
2023,4,Formosa,39.23
2023,4,Jujuy,57.78
2023,4,La Pampa,99.96
2023,4,La Rioja,80.22
2023,4,Mendoza,52.15
2023,4,Misiones,56.27
2023,4,Neuquén,79.91
2023,4,Río Negro,70.26
2023,4,Salta,56.98
2023,4,San Juan,50.08
2023,4,San Luis,102.07
2023,4,Santa Cruz,73.75
2023,4,Santa Fe,79.75
2023,4,Santiago Del Estero,49.08
2023,4,Tierra Del Fuego,110.49
2023,4,Tucumán,61.04
2023,3,Buenos Aires,80.64
2023,3,Capital Federal,116.4
2023,3,Catamarca,68.55
2023,3,Chaco,42.87
2023,3,Chubut,84.23
2023,3,Córdoba,90.05
2023,3,Corrientes,52.78
2023,3,Entre Ríos,68.84
2023,3,Formosa,38.86
2023,3,Jujuy,57.61
2023,3,La Pampa,99.0
2023,3,La Rioja,80.44
2023,3,Mendoza,52.03
2023,3,Misiones,55.51
2023,3,Neuquén,79.97
2023,3,Río Negro,68.4
2023,3,Salta,57.57
2023,3,San Juan,50.45
2023,3,San Luis,98.55
2023,3,Santa Cruz,40.89
2023,3,Santa Fe,79.09
2023,3,Santiago Del Estero,48.67
2023,3,Tierra Del Fuego,105.95
2023,3,Tucumán,61.26
2023,2,Buenos Aires,79.67
2023,2,Capital Federal,115.48
2023,2,Catamarca,67.42
2023,2,Chaco,42.87
2023,2,Chubut,82.49
2023,2,Córdoba,90.13
2023,2,Corrientes,52.37
2023,2,Entre Ríos,64.43
2023,2,Formosa,38.32
2023,2,Jujuy,57.78
2023,2,La Pampa,98.35
2023,2,La Rioja,80.01
2023,2,Mendoza,52.09
2023,2,Misiones,55.18
2023,2,Neuquén,78.97
2023,2,Río Negro,68.56
2023,2,Salta,57.48
2023,2,San Juan,47.52
2023,2,San Luis,93.41
2023,2,Santa Cruz,41.66
2023,2,Santa Fe,78.83
2023,2,Santiago Del Estero,47.14
2023,2,Tierra Del Fuego,106.38
2023,2,Tucumán,60.75
2023,1,Buenos Aires,79.0
2023,1,Capital Federal,122.59
2023,1,Catamarca,66.17
2023,1,Chaco,43.15
2023,1,Chubut,85.89
2023,1,Córdoba,88.84
2023,1,Corrientes,52.05
2023,1,Entre Ríos,64.79
2023,1,Formosa,38.79
2023,1,Jujuy,58.2
2023,1,La Pampa,96.55
2023,1,La Rioja,79.74
2023,1,Mendoza,51.4
2023,1,Misiones,53.97
2023,1,Neuquén,78.55
2023,1,Río Negro,69.16
2023,1,Salta,57.67
2023,1,San Juan,49.75
2023,1,San Luis,90.17
2023,1,Santa Cruz,43.42
2023,1,Santa Fe,78.13
2023,1,Santiago Del Estero,47.55
2023,1,Tierra Del Fuego,104.23
2023,1,Tucumán,60.34
2022,4,Buenos Aires,78.94
2022,4,Capital Federal,122.73
2022,4,Catamarca,65.77
2022,4,Chaco,43.62
2022,4,Chubut,85.57
2022,4,Córdoba,89.03
2022,4,Corrientes,51.64
2022,4,Entre Ríos,64.01
2022,4,Formosa,39.41
2022,4,Jujuy,58.46
2022,4,La Pampa,94.8
2022,4,La Rioja,79.86
2022,4,Mendoza,51.36
2022,4,Misiones,52.85
2022,4,Neuquén,78.67
2022,4,Río Negro,68.42
2022,4,Salta,57.96
2022,4,San Juan,50.88
2022,4,San Luis,90.27
2022,4,Santa Cruz,43.53
2022,4,Santa Fe,78.4
2022,4,Santiago Del Estero,48.05
2022,4,Tierra Del Fuego,101.44
2022,4,Tucumán,61.04
2022,3,Buenos Aires,78.11
2022,3,Capital Federal,122.28
2022,3,Catamarca,65.33
2022,3,Chaco,43.86
2022,3,Chubut,84.38
2022,3,Córdoba,88.31
2022,3,Corrientes,48.21
2022,3,Entre Ríos,63.67
2022,3,Formosa,43.76
2022,3,Jujuy,58.91
2022,3,La Pampa,96.59
2022,3,La Rioja,80.66
2022,3,Mendoza,51.03
2022,3,Misiones,51.82
2022,3,Neuquén,80.37
2022,3,Río Negro,67.98
2022,3,Salta,57.76
2022,3,San Juan,50.8
2022,3,San Luis,81.74
2022,3,Santa Cruz,43.19
2022,3,Santa Fe,78.55
2022,3,Santiago Del Estero,47.98
2022,3,Tierra Del Fuego,99.51
2022,3,Tucumán,61.14
2022,2,Buenos Aires,77.58
2022,2,Capital Federal,121.31
2022,2,Catamarca,62.4
2022,2,Chaco,43.79
2022,2,Chubut,83.19
2022,2,Córdoba,87.48
2022,2,Corrientes,48.35
2022,2,Entre Ríos,63.9
2022,2,Formosa,43.42
2022,2,Jujuy,57.32
2022,2,La Pampa,92.98
2022,2,La Rioja,80.14
2022,2,Mendoza,49.39
2022,2,Misiones,51.0
2022,2,Neuquén,80.02
2022,2,Río Negro,67.85
2022,2,Salta,57.54
2022,2,San Juan,49.46
2022,2,San Luis,81.76
2022,2,Santa Cruz,43.15
2022,2,Santa Fe,77.9
2022,2,Santiago Del Estero,47.7
2022,2,Tierra Del Fuego,99.86
2022,2,Tucumán,59.31
2022,1,Buenos Aires,76.07814661157262
2022,1,Capital Federal,111.7978626917465
2022,1,Catamarca,58.20635083561171
2022,1,Chaco,44.05948009941883
2022,1,Chubut,88.05274093835774
2022,1,Córdoba,85.75745356313551
2022,1,Corrientes,47.64463514150233
2022,1,Entre Ríos,63.70090347123158
2022,1,Formosa,34.95568699575134
2022,1,Jujuy,58.06462866426784
2022,1,La Pampa,91.66332531408715
2022,1,La Rioja,78.77459866564503
2022,1,Mendoza,48.73524093558345
2022,1,Misiones,49.04334199772953
2022,1,Neuquén,74.17305509992715
2022,1,Río Negro,67.03640754987029
2022,1,Salta,56.10759340849759
2022,1,San Juan,43.54598160933163
2022,1,San Luis,80.72423060601774
2022,1,Santa Cruz,43.33842311053054
2022,1,Santa Fe,77.30458474758402
2022,1,Santiago Del Estero,47.17273839324049
2022,1,Tierra Del Fuego,98.29055038672794
2022,1,Tucumán,57.39003227231194
2021,4,Buenos Aires,75.66410602338475
2021,4,Capital Federal,111.2700261289174
2021,4,Catamarca,55.2526999859741
2021,4,Chaco,44.04856389025934
2021,4,Chubut,82.57340063871433
2021,4,Córdoba,84.50941853046088
2021,4,Corrientes,45.51016102946347
2021,4,Entre Ríos,63.15536143616578
2021,4,Formosa,34.4545746388443
2021,4,Jujuy,56.92107051487049
2021,4,La Pampa,89.56734270241313
2021,4,La Rioja,77.9234900964576
2021,4,Mendoza,47.50531709031775
2021,4,Misiones,49.06462073058497
2021,4,Neuquén,73.30016254020012
2021,4,Río Negro,65.69489961160652
2021,4,Salta,56.81442605762217
2021,4,San Juan,39.58885186487169
2021,4,San Luis,80.29578283135379
2021,4,Santa Cruz,43.05121466117346
2021,4,Santa Fe,77.08920179439227
2021,4,Santiago Del Estero,47.0459491943867
2021,4,Tierra Del Fuego,98.40061644865433
2021,4,Tucumán,55.92599102424391
2021,3,Buenos Aires,71.68218940101933
2021,3,Capital Federal,111.2710551425089
2021,3,Catamarca,52.70979348600127
2021,3,Chaco,42.96241007967663
2021,3,Chubut,80.70973847657562
2021,3,Córdoba,81.2845665540848
2021,3,Corrientes,44.90088312664412
2021,3,Entre Ríos,62.17940145385769
2021,3,Formosa,33.96203354068432
2021,3,Jujuy,55.6892647441935
2021,3,La Pampa,84.27996309653611
2021,3,La Rioja,77.26016061386845
2021,3,Mendoza,45.54828468056102
2021,3,Misiones,45.57065365808786
2021,3,Neuquén,69.70653344501615
2021,3,Río Negro,61.9672131147541
2021,3,Salta,55.9642780595842
2021,3,San Juan,39.4554480019856
2021,3,San Luis,79.87043349212911
2021,3,Santa Cruz,43.74732028012005
2021,3,Santa Fe,75.01704762728227
2021,3,Santiago Del Estero,47.0
2021,3,Tierra Del Fuego,94.95386825985027
2021,3,Tucumán,54.63604486100796
2021,2,Buenos Aires,70.00330336027972
2021,2,Capital Federal,110.144402032121
2021,2,Catamarca,52.34030966263861
2021,2,Chaco,43.32762729293539
2021,2,Chubut,72.29410481936469
2021,2,Córdoba,80.11518795931242
2021,2,Corrientes,43.5411637336848
2021,2,Entre Ríos,61.66026446478789
2021,2,Formosa,33.22548419322613
2021,2,Jujuy,56.18215701146769
2021,2,La Pampa,82.08000672325404
2021,2,La Rioja,76.9786615851933
2021,2,Mendoza,40.97324182617088
2021,2,Misiones,45.0128113119994
2021,2,Neuquén,69.14021084638621
2021,2,Río Negro,61.94204057417748
2021,2,Salta,54.93009017478889
2021,2,San Juan,39.28402570062062
2021,2,San Luis,83.47810720063075
2021,2,Santa Cruz,44.01491665543425
2021,2,Santa Fe,75.06878626293008
2021,2,Santiago Del Estero,46.55727536492105
2021,2,Tierra Del Fuego,67.88580775229184
2021,2,Tucumán,54.92819651034804
2021,1,Buenos Aires,69.10524076185938
2021,1,Capital Federal,108.4199392232935
2021,1,Catamarca,48.89909292784824
2021,1,Chaco,43.13649241708794
2021,1,Chubut,68.9942808881567
2021,1,Córdoba,78.59028062380018
2021,1,Corrientes,42.66412843882141
2021,1,Entre Ríos,60.43944972834235
2021,1,Formosa,32.73295575632721
2021,1,Jujuy,55.63244789620541
2021,1,La Pampa,81.77676345752207
2021,1,La Rioja,49.80693519079345
2021,1,Mendoza,39.15366152899642
2021,1,Misiones,43.17243890597184
2021,1,Neuquén,66.84208942045272
2021,1,Río Negro,60.87924030325769
2021,1,Salta,53.93001926339093
2021,1,San Juan,39.0551943353576
2021,1,San Luis,81.23730177127507
2021,1,Santa Cruz,41.64783103990742
2021,1,Santa Fe,73.91656407026184
2021,1,Santiago Del Estero,45.67308282365455
2021,1,Tierra Del Fuego,77.34935609177366
2021,1,Tucumán,54.81892254125389
2020,4,Buenos Aires,68.97702220170737
2020,4,Capital Federal,108.3110748904351
2020,4,Catamarca,49.40688354549741
2020,4,Chaco,43.0307886497791
2020,4,Chubut,68.35189915825622
2020,4,Córdoba,78.07960876338194
2020,4,Corrientes,42.42828394694903
2020,4,Entre Ríos,59.47430676097378
2020,4,Formosa,32.48738190759673
2020,4,Jujuy,53.45659123390888
2020,4,La Pampa,81.76793248945148
2020,4,La Rioja,50.11061211701148
2020,4,Mendoza,38.62957896227819
2020,4,Misiones,42.64411416119227
2020,4,Neuquén,67.00234522048092
2020,4,Río Negro,61.08861548045476
2020,4,Salta,54.04275200147659
2020,4,San Juan,36.32088215575813
2020,4,San Luis,81.67947806105701
2020,4,Santa Cruz,36.99957245908797
2020,4,Santa Fe,73.58073807267776
2020,4,Santiago Del Estero,43.74925662068993
2020,4,Tierra Del Fuego,76.26583496977399
2020,4,Tucumán,54.78340441369959
2020,3,Buenos Aires,67.65618983090923
2020,3,Capital Federal,107.6759011657323
2020,3,Catamarca,47.15709898417198
2020,3,Chaco,41.54192057806515
2020,3,Chubut,68.34389815720037
2020,3,Córdoba,75.22035723669207
2020,3,Corrientes,41.75074947046443
2020,3,Entre Ríos,58.1901640924315
2020,3,Formosa,31.90562331018654
2020,3,Jujuy,54.04441923820905
2020,3,La Pampa,79.26447706670275
2020,3,La Rioja,50.11811323630268
2020,3,Mendoza,37.3486331372327
2020,3,Misiones,41.60448628544863
2020,3,Neuquén,65.24417025530218
2020,3,Río Negro,57.05240591584501
2020,3,Salta,52.31571212848803
2020,3,San Juan,38.78995525412846
2020,3,San Luis,79.96172209417188
2020,3,Santa Cruz,35.95152890784452
2020,3,Santa Fe,72.12060247348236
2020,3,Santiago Del Estero,43.37593131691913
2020,3,Tierra Del Fuego,76.80909583946696
2020,3,Tucumán,53.2281495112899
2020,2,Buenos Aires,65.2205801358229
2020,2,Capital Federal,106.4148059907365
2020,2,Catamarca,45.43181818181818
2020,2,Chaco,39.83250279006581
2020,2,Chubut,57.34461338723553
2020,2,Córdoba,72.71358531242393
2020,2,Corrientes,40.30476267979574
2020,2,Entre Ríos,56.53865473970961
2020,2,Formosa,31.1394362262631
2020,2,Jujuy,47.88781022787278
2020,2,La Pampa,76.10158288987562
2020,2,La Rioja,49.83993501839552
2020,2,Mendoza,36.25224342110005
2020,2,Misiones,40.88779600969606
2020,2,Neuquén,63.89846903376431
2020,2,Río Negro,56.36933524879196
2020,2,Salta,51.58158335340357
2020,2,San Juan,35.09485776365026
2020,2,San Luis,78.4096773527651
2020,2,Santa Cruz,35.79262396979603
2020,2,Santa Fe,70.002168637187
2020,2,Santiago Del Estero,43.46716682468362
2020,2,Tierra Del Fuego,76.36948260742473
2020,2,Tucumán,51.78074091030483
2020,1,Buenos Aires,64.32563101743429
2020,1,Capital Federal,105.9801741418191
2020,1,Catamarca,37.61542768746025
2020,1,Chaco,37.48383336917261
2020,1,Chubut,51.26848941909703
2020,1,Córdoba,70.6880744339108
2020,1,Corrientes,38.7290799422309
2020,1,Entre Ríos,56.12006051437216
2020,1,Formosa,30.22830396260685
2020,1,Jujuy,46.67023063998779
2020,1,La Pampa,75.76678781291396
2020,1,La Rioja,46.34663138416698
2020,1,Mendoza,33.14207670017271
2020,1,Misiones,39.01834755171205
2020,1,Neuquén,61.84749362355069
2020,1,Río Negro,55.11566865962362
2020,1,Salta,49.59568027012866
2020,1,San Juan,32.39229213630473
2020,1,San Luis,76.30854184641933
2020,1,Santa Cruz,35.97427628896549
2020,1,Santa Fe,69.52357940253133
2020,1,Santiago Del Estero,42.46635918799181
2020,1,Tierra Del Fuego,76.06964979018785
2020,1,Tucumán,47.84792325850032
2019,4,Buenos Aires,64.25205288245421
2019,4,Capital Federal,106.2454675104105
2019,4,Catamarca,36.43842912715547
2019,4,Chaco,36.83547863034241
2019,4,Chubut,51.14501785514712
2019,4,Córdoba,70.48295566244217
2019,4,Corrientes,38.76744098926211
2019,4,Entre Ríos,57.99221691704514
2019,4,Formosa,30.47131348054405
2019,4,Jujuy,45.37754633175065
2019,4,La Pampa,76.92418969170417
2019,4,La Rioja,47.13589011052434
2019,4,Mendoza,33.64903072027183
2019,4,Misiones,39.78923684048622
2019,4,Neuquén,59.35590092822445
2019,4,Río Negro,55.70500968287489
2019,4,Salta,50.35463892238824
2019,4,San Juan,32.85497572815534
2019,4,San Luis,74.92002603481464
2019,4,Santa Cruz,36.71136308535834
2019,4,Santa Fe,69.48235725596862
2019,4,Santiago Del Estero,42.92077382358182
2019,4,Tierra Del Fuego,79.69536136377089
2019,4,Tucumán,47.64902012521289
2019,3,Buenos Aires,69.35630106079125
2019,3,Capital Federal,112.6453878037209
2019,3,Catamarca,30.8836145267372
2019,3,Chaco,35.8460309754608
2019,3,Chubut,47.56624162293312
2019,3,Córdoba,68.59234901069021
2019,3,Corrientes,38.48535113586719
2019,3,Entre Ríos,57.90009945796624
2019,3,Formosa,30.11243299777749
2019,3,Jujuy,44.32248684291361
2019,3,La Pampa,77.45269423291748
2019,3,La Rioja,47.94290512174643
2019,3,Mendoza,40.73714258735342
2019,3,Misiones,39.33292986744382
2019,3,Neuquén,64.13887269491578
2019,3,Río Negro,63.42470088700958
2019,3,Salta,44.47617792228716
2019,3,San Juan,37.06231303554226
2019,3,San Luis,85.22608876849344
2019,3,Santa Cruz,35.62816097885956
2019,3,Santa Fe,68.87178057593026
2019,3,Santiago Del Estero,55.30391146854541
2019,3,Tierra Del Fuego,96.46210963092378
2019,3,Tucumán,39.48760020401681
2019,2,Buenos Aires,67.84713982374198
2019,2,Capital Federal,110.5455669948523
2019,2,Catamarca,32.13095022019278
2019,2,Chaco,34.14026097986763
2019,2,Chubut,46.98798413626923
2019,2,Córdoba,68.07130938789848
2019,2,Corrientes,38.15558588418795
2019,2,Entre Ríos,57.47823458872391
2019,2,Formosa,30.41823600694331
2019,2,Jujuy,44.51192279062604
2019,2,La Pampa,77.08313750288404
2019,2,La Rioja,48.70493914424316
2019,2,Mendoza,40.75462423536266
2019,2,Misiones,39.14612554169944
2019,2,Neuquén,63.08096432767439
2019,2,Río Negro,61.0942074999118
2019,2,Salta,41.89319832036978
2019,2,San Juan,35.59971733748176
2019,2,San Luis,81.789994425864
2019,2,Santa Cruz,28.84606305532212
2019,2,Santa Fe,67.42291993321949
2019,2,Santiago Del Estero,52.78997126317105
2019,2,Tierra Del Fuego,94.79803428023493
2019,2,Tucumán,40.13604621420884
2019,1,Buenos Aires,66.24255522736811
2019,1,Capital Federal,109.1961645588384
2019,1,Catamarca,32.19048895612129
2019,1,Chaco,32.63587657942949
2019,1,Chubut,42.99773633717796
2019,1,Córdoba,65.5173840768055
2019,1,Corrientes,35.13498688698812
2019,1,Entre Ríos,56.78815996169284
2019,1,Formosa,29.67769463043193
2019,1,Jujuy,46.40843874036665
2019,1,La Pampa,76.35457433780647
2019,1,La Rioja,50.18458788326274
2019,1,Mendoza,37.65716497028286
2019,1,Misiones,36.25716826552349
2019,1,Neuquén,58.87800433437489
2019,1,Río Negro,53.57164978100252
2019,1,Salta,40.09834441771615
2019,1,San Juan,31.83305805346546
2019,1,San Luis,67.3379373977716
2019,1,Santa Cruz,23.66765499676892
2019,1,Santa Fe,66.97409094791476
2019,1,Santiago Del Estero,37.51941674600391
2019,1,Tierra Del Fuego,93.37581922721242
2019,1,Tucumán,41.63074443134759
2018,4,Buenos Aires,64.60284663484316
2018,4,Capital Federal,108.2731499705741
2018,4,Catamarca,32.22534616602535
2018,4,Chaco,32.59096087632982
2018,4,Chubut,42.61093609604538
2018,4,Córdoba,65.08926459112368
2018,4,Corrientes,34.56627656869549
2018,4,Entre Ríos,54.37477348639939
2018,4,Formosa,29.73653915732
2018,4,Jujuy,46.53226639132679
2018,4,La Pampa,73.49404828314209
2018,4,La Rioja,50.34799391741723
2018,4,Mendoza,37.7577838459117
2018,4,Misiones,34.4507488777944
2018,4,Neuquén,59.06916926636779
2018,4,Río Negro,51.86140345426057
2018,4,Salta,39.80161006973815
2018,4,San Juan,31.89625207025579
2018,4,San Luis,67.55045369760039
2018,4,Santa Cruz,23.68919410065612
2018,4,Santa Fe,65.58706886191564
2018,4,Santiago Del Estero,37.40072595129344
2018,4,Tierra Del Fuego,93.59257086207943
2018,4,Tucumán,41.75796963877769
2018,3,Buenos Aires,64.44056759752046
2018,3,Capital Federal,108.4459141102192
2018,3,Catamarca,32.91594537411041
2018,3,Chaco,32.28310083307758
2018,3,Chubut,56.39174585226903
2018,3,Córdoba,64.24210026029336
2018,3,Corrientes,34.24993887383215
2018,3,Entre Ríos,50.22201385837749
2018,3,Formosa,29.57657342887844
2018,3,Jujuy,23.26370013719552
2018,3,La Pampa,71.75023651844843
2018,3,La Rioja,50.73304318059562
2018,3,Mendoza,37.99059726799621
2018,3,Misiones,32.10366641805902
2018,3,Neuquén,60.48661674396911
2018,3,Río Negro,50.54264808703746
2018,3,Salta,39.42741342068409
2018,3,San Juan,33.05141650392377
2018,3,San Luis,52.35311497551916
2018,3,Santa Cruz,32.72785029455932
2018,3,Santa Fe,63.4096146162309
2018,3,Santiago Del Estero,36.24961697805127
2018,3,Tierra Del Fuego,92.77191839394062
2018,3,Tucumán,41.68101359528755
2018,2,Buenos Aires,62.78226651094991
2018,2,Capital Federal,106.5349412814669
2018,2,Catamarca,32.8575008674866
2018,2,Chaco,31.25170499603489
2018,2,Chubut,54.90230333735512
2018,2,Córdoba,63.2743661231958
2018,2,Corrientes,33.80975390881165
2018,2,Entre Ríos,49.20261187052838
2018,2,Formosa,29.434226520797
2018,2,Jujuy,23.43220272985447
2018,2,La Pampa,71.04033787278055
2018,2,La Rioja,50.97789073923241
2018,2,Mendoza,36.97287272406129
2018,2,Misiones,31.63090768222182
2018,2,Neuquén,60.23679161402031
2018,2,Río Negro,50.1478946239634
2018,2,Salta,39.93719209989731
2018,2,San Juan,32.94664884868421
2018,2,San Luis,15.15042449135139
2018,2,Santa Cruz,33.33236451006607
2018,2,Santa Fe,62.57079239957442
2018,2,Santiago Del Estero,35.25646421116424
2018,2,Tierra Del Fuego,91.60519629538562
2018,2,Tucumán,41.51256317001742
2018,1,Buenos Aires,62.62621166168454
2018,1,Capital Federal,106.2356717458684
2018,1,Catamarca,32.79361613741535
2018,1,Chaco,30.82992764570247
2018,1,Chubut,53.71560488248906
2018,1,Córdoba,63.51716965201617
2018,1,Corrientes,32.66346087317512
2018,1,Entre Ríos,48.68120241785722
2018,1,Formosa,21.40431025921144
2018,1,Jujuy,23.12126087567754
2018,1,La Pampa,71.75163692275797
2018,1,La Rioja,51.44351011244806
2018,1,Mendoza,37.07215110240331
2018,1,Misiones,30.95673588446963
2018,1,Neuquén,61.51739035156373
2018,1,Río Negro,49.8168613122324
2018,1,Salta,39.7755916329188
2018,1,San Juan,32.60917745169287
2018,1,San Luis,15.14879034827491
2018,1,Santa Cruz,33.55275989857616
2018,1,Santa Fe,62.28199844300957
2018,1,Santiago Del Estero,34.9882694482421
2018,1,Tierra Del Fuego,65.19963702359347
2018,1,Tucumán,41.17600938886616
2017,4,Buenos Aires,57.6096152902582
2017,4,Capital Federal,122.8974241873499
2017,4,Catamarca,28.6209500939249
2017,4,Chaco,30.80815811123654
2017,4,Chubut,51.46309626749354
2017,4,Córdoba,63.33262565207773
2017,4,Corrientes,32.51511831118755
2017,4,Entre Ríos,47.88524529374683
2017,4,Formosa,21.27097668924972
2017,4,Jujuy,22.74208371626703
2017,4,La Pampa,71.04976106378558
2017,4,La Rioja,51.56847440546175
2017,4,Mendoza,33.32562553415048
2017,4,Misiones,31.14218485379854
2017,4,Neuquén,61.24232317785096
2017,4,Río Negro,49.37562976824529
2017,4,Salta,39.79624247145896
2017,4,San Juan,30.29992919128174
2017,4,San Luis,10.58673106975423
2017,4,Santa Cruz,28.91249288280683
2017,4,Santa Fe,61.7127712196729
2017,4,Santiago Del Estero,29.12638610950106
2017,4,Tierra Del Fuego,59.89413596263622
2017,4,Tucumán,39.8968735176797
2017,3,Buenos Aires,55.62938339533962
2017,3,Capital Federal,121.8583259096934
2017,3,Catamarca,32.49092567790524
2017,3,Chaco,29.97592564765763
2017,3,Chubut,46.21537746651841
2017,3,Córdoba,62.30700225296333
2017,3,Corrientes,32.16543574593796
2017,3,Entre Ríos,45.95812167017718
2017,3,Formosa,21.35038438007076
2017,3,Jujuy,22.64536299508256
2017,3,La Pampa,69.13993701142644
2017,3,La Rioja,51.46525230494696
2017,3,Mendoza,35.70493177720565
2017,3,Misiones,30.2059909330319
2017,3,Neuquén,60.8304131050389
2017,3,Río Negro,48.51865893950063
2017,3,Salta,39.83970080690742
2017,3,San Juan,32.36688935995978
2017,3,San Luis,15.4778617902981
2017,3,Santa Cruz,33.29182971658959
2017,3,Santa Fe,60.90635563451515
2017,3,Santiago Del Estero,35.12104488438485
2017,3,Tierra Del Fuego,65.74180473434595
2017,3,Tucumán,39.69537916123259
2017,2,Buenos Aires,56.27214416169132
2017,2,Capital Federal,124.0613937564252
2017,2,Catamarca,25.97712106768351
2017,2,Chaco,29.04552477545342
2017,2,Chubut,35.54601117914412
2017,2,Córdoba,58.97352890800357
2017,2,Corrientes,31.38612136835505
2017,2,Entre Ríos,45.38933102824724
2017,2,Formosa,19.96507644526199
2017,2,Jujuy,22.40341589462406
2017,2,La Pampa,63.49352648099681
2017,2,La Rioja,16.20344580614356
2017,2,Mendoza,31.75860536139077
2017,2,Misiones,30.08924802508593
2017,2,Neuquén,61.91013427666159
2017,2,Río Negro,46.02080512293318
2017,2,Salta,32.73942026362622
2017,2,San Juan,26.96461612024698
2017,2,San Luis,9.513970314868304
2017,2,Santa Cruz,26.24861982870955
2017,2,Santa Fe,52.26961123969867
2017,2,Santiago Del Estero,14.118988073972
2017,2,Tierra Del Fuego,68.46322075955756
2017,2,Tucumán,38.18623365639289
2017,1,Buenos Aires,58.57400244920328
2017,1,Capital Federal,108.3692083656081
2017,1,Catamarca,25.65935083802151
2017,1,Chaco,28.62166053842791
2017,1,Chubut,35.66222023776302
2017,1,Córdoba,57.65332959287443
2017,1,Corrientes,30.94060010964414
2017,1,Entre Ríos,44.90727368704123
2017,1,Formosa,19.84248917864586
2017,1,Jujuy,22.75698596223235
2017,1,La Pampa,62.66928104575163
2017,1,La Rioja,16.19552414605418
2017,1,Mendoza,31.84301277017966
2017,1,Misiones,29.52220236313104
2017,1,Neuquén,61.02302006782746
2017,1,Río Negro,46.02953874119518
2017,1,Salta,32.57548931482305
2017,1,San Juan,27.03676098842391
2017,1,San Luis,9.545500193678896
2017,1,Santa Cruz,26.52499173785465
2017,1,Santa Fe,51.97010769208043
2017,1,Santiago Del Estero,14.70211949336859
2017,1,Tierra Del Fuego,68.91974851288131
2017,1,Tucumán,37.90016075894098
2016,4,Buenos Aires,61.23658743035686
2016,4,Capital Federal,120.6313317363236
2016,4,Catamarca,26.54351558996191
2016,4,Chaco,28.78665608525526
2016,4,Chubut,36.07290546427898
2016,4,Córdoba,57.69671915437898
2016,4,Corrientes,30.98107037649768
2016,4,Entre Ríos,45.208402854677
2016,4,Formosa,19.84823607816392
2016,4,Jujuy,22.65138700824143
2016,4,La Pampa,63.01618276865403
2016,4,La Rioja,16.45531638401623
2016,4,Mendoza,32.10735338479002
2016,4,Misiones,29.72014980779742
2016,4,Neuquén,60.87366722819905
2016,4,Río Negro,46.38521035065572
2016,4,Salta,32.69411973937546
2016,4,San Juan,27.29242145219706
2016,4,San Luis,9.640682435370556
2016,4,Santa Cruz,27.04676021484584
2016,4,Santa Fe,52.19105023718895
2016,4,Santiago Del Estero,15.06784751043335
2016,4,Tierra Del Fuego,70.30526590539473
2016,4,Tucumán,37.9807622036193
2016,3,Buenos Aires,60.14329545468815
2016,3,Capital Federal,120.7728777510153
2016,3,Catamarca,26.48067675746367
2016,3,Chaco,28.91074906848095
2016,3,Chubut,36.17869442878647
2016,3,Córdoba,58.24381625803197
2016,3,Corrientes,31.06687882605118
2016,3,Entre Ríos,45.43514088447326
2016,3,Formosa,18.63970830286285
2016,3,Jujuy,22.60515426525686
2016,3,La Pampa,61.73178543650905
2016,3,La Rioja,17.07455910648411
2016,3,Mendoza,32.08835884566649
2016,3,Misiones,29.90538577589819
2016,3,Neuquén,60.21485088853954
2016,3,Río Negro,46.38796536215942
2016,3,Salta,32.95583168118035
2016,3,San Juan,27.31712713599077
2016,3,San Luis,9.630539686885157
2016,3,Santa Cruz,26.8352018954507
2016,3,Santa Fe,52.67215036886248
2016,3,Santiago Del Estero,15.32964657847289
2016,3,Tierra Del Fuego,68.94049249100736
2016,3,Tucumán,37.89736341023836
2016,2,Buenos Aires,59.33852679105808
2016,2,Capital Federal,120.0395350482531
2016,2,Catamarca,26.07418805974065
2016,2,Chaco,28.5935505552226
2016,2,Chubut,36.12438565556337
2016,2,Córdoba,57.54798052828644
2016,2,Corrientes,30.58016204661656
2016,2,Entre Ríos,44.73887454518738
2016,2,Formosa,19.370070664564
2016,2,Jujuy,21.88828104357668
2016,2,La Pampa,60.43686025737927
2016,2,La Rioja,16.87890261111152
2016,2,Mendoza,32.12597179442594
2016,2,Misiones,29.23951282302198
2016,2,Neuquén,59.09828553366204
2016,2,Río Negro,46.24011307812744
2016,2,Salta,32.08172602508202
2016,2,San Juan,27.34078151409113
2016,2,San Luis,9.603733851602321
2016,2,Santa Cruz,26.7289117253198
2016,2,Santa Fe,52.43647725937112
2016,2,Santiago Del Estero,15.88892504730612
2016,2,Tierra Del Fuego,67.71824288255286
2016,2,Tucumán,37.23568289338424
2016,1,Buenos Aires,57.33590782254113
2016,1,Capital Federal,115.1600588888482
2016,1,Catamarca,25.91021798119054
2016,1,Chaco,28.07514644775236
2016,1,Chubut,36.0927055378499
2016,1,Córdoba,55.28309278374022
2016,1,Corrientes,30.08078500413306
2016,1,Entre Ríos,43.84596814466226
2016,1,Formosa,19.04187836943494
2016,1,Jujuy,21.41001128856396
2016,1,La Pampa,57.84086865504526
2016,1,La Rioja,16.83351837249417
2016,1,Mendoza,32.12333888801278
2016,1,Misiones,28.36765259095629
2016,1,Neuquén,55.75393700425406
2016,1,Río Negro,45.83512638708331
2016,1,Salta,31.31554597115323
2016,1,San Juan,27.33079411000431
2016,1,San Luis,9.586346282770212
2016,1,Santa Cruz,26.86586252144999
2016,1,Santa Fe,51.27734085407622
2016,1,Santiago Del Estero,16.20574920682195
2016,1,Tierra Del Fuego,65.83304163135006
2016,1,Tucumán,36.72477136636591
2015,4,Buenos Aires,58.29182182733718
2015,4,Capital Federal,118.1303632115381
2015,4,Catamarca,26.23945178859185
2015,4,Chaco,28.35056623514143
2015,4,Chubut,36.89017827786587
2015,4,Córdoba,57.36488176607921
2015,4,Corrientes,30.33643144533882
2015,4,Entre Ríos,44.10854807300098
2015,4,Formosa,19.06549151678632
2015,4,Jujuy,21.47147379391073
2015,4,La Pampa,58.75633720012275
2015,4,La Rioja,17.31577864841065
2015,4,Mendoza,32.48895249500142
2015,4,Misiones,28.68665889154237
2015,4,Neuquén,58.2893377687955
2015,4,Río Negro,46.43948111494307
2015,4,Salta,31.59349264807187
2015,4,San Juan,27.6648539357743
2015,4,San Luis,9.705768984506312
2015,4,Santa Cruz,27.74476906647967
2015,4,Santa Fe,52.60808978585806
2015,4,Santiago Del Estero,17.00497803803607
2015,4,Tierra Del Fuego,66.46220433623792
2015,4,Tucumán,37.06217328329588
2015,3,Buenos Aires,57.68868105608009
2015,3,Capital Federal,118.2892111643196
2015,3,Catamarca,25.86378118463762
2015,3,Chaco,27.96307279347941
2015,3,Chubut,36.81180991463324
2015,3,Córdoba,57.08340378951846
2015,3,Corrientes,30.16741240901903
2015,3,Entre Ríos,43.67718163526334
2015,3,Formosa,18.83675177378525
2015,3,Jujuy,21.2703333470887
2015,3,La Pampa,57.96395975091518
2015,3,La Rioja,17.15112944203254
2015,3,Mendoza,32.49199583186653
2015,3,Misiones,28.30634509343689
2015,3,Neuquén,54.59931489671118
2015,3,Río Negro,46.38918665674515
2015,3,Salta,31.17594521285843
2015,3,San Juan,27.66538565566005
2015,3,San Luis,9.70650326873876
2015,3,Santa Cruz,27.60606098342944
2015,3,Santa Fe,52.14595474084349
2015,3,Santiago Del Estero,17.11882253135319
2015,3,Tierra Del Fuego,74.85845784033849
2015,3,Tucumán,36.61035952774264
2015,2,Buenos Aires,56.80280561439208
2015,2,Capital Federal,116.0662709186037
2015,2,Catamarca,25.45341804469818
2015,2,Chaco,27.46453938839946
2015,2,Chubut,36.58246720458481
2015,2,Córdoba,55.86916350781819
2015,2,Corrientes,29.58401266810849
2015,2,Entre Ríos,42.93197901645878
2015,2,Formosa,18.36026720527858
2015,2,Jujuy,20.28721907759494
2015,2,La Pampa,56.70766522530004
2015,2,La Rioja,16.88319098196382
2015,2,Mendoza,32.49199583186653
2015,2,Misiones,27.34768244882168
2015,2,Neuquén,53.11733659323144
2015,2,Río Negro,45.97612013432327
2015,2,Salta,30.46112384270092
2015,2,San Juan,27.64305342045848
2015,2,San Luis,9.707971837203658
2015,2,Santa Cruz,27.07224502744823
2015,2,Santa Fe,51.17653890867876
2015,2,Santiago Del Estero,17.11056663298286
2015,2,Tierra Del Fuego,74.50787431664719
2015,2,Tucumán,35.68770560918727
2015,1,Buenos Aires,56.37048433026737
2015,1,Capital Federal,114.8969971489029
2015,1,Catamarca,25.10946633078758
2015,1,Chaco,26.64959122030555
2015,1,Chubut,37.61278068590791
2015,1,Córdoba,54.69734650188214
2015,1,Corrientes,28.95019128190928
2015,1,Entre Ríos,42.06519337351208
2015,1,Formosa,18.12270367397183
2015,1,Jujuy,19.68971363262363
2015,1,La Pampa,55.50803232733774
2015,1,La Rioja,16.70320178741384
2015,1,Mendoza,32.36588756051825
2015,1,Misiones,26.30560410519064
2015,1,Neuquén,51.95443673810251
2015,1,Río Negro,45.32694907202778
2015,1,Salta,30.00978823344275
2015,1,San Juan,27.55319275976645
2015,1,San Luis,9.716048963760594
2015,1,Santa Cruz,27.99486394349448
2015,1,Santa Fe,50.24449475931921
2015,1,Santiago Del Estero,17.0558169911586
2015,1,Tierra Del Fuego,74.23495170010268
2015,1,Tucumán,35.07860688538978
2014,4,Buenos Aires,56.09433653019754
2014,4,Capital Federal,114.8967655080162
2014,4,Catamarca,25.513779082748
2014,4,Chaco,21.87078320023224
2014,4,Chubut,40.24927468450274
2014,4,Córdoba,54.69689679332299
2014,4,Corrientes,23.56243099277512
2014,4,Entre Ríos,36.0254708519679
2014,4,Formosa,17.95631136169521
2014,4,Jujuy,19.59941818052116
2014,4,La Pampa,51.27313345222858
2014,4,La Rioja,17.01075088723615
2014,4,Mendoza,32.63838187615034
2014,4,Misiones,24.16243060558831
2014,4,Neuquén,52.55498969724957
2014,4,Río Negro,45.47806275120403
2014,4,Salta,29.53486161957798
2014,4,San Juan,28.03714571456067
2014,4,San Luis,9.786393366351197
2014,4,Santa Cruz,27.80267896965234
2014,4,Santa Fe,49.99962302348271
2014,4,Santiago Del Estero,17.26920158364512
2014,4,Tierra Del Fuego,66.13781947338316
2014,4,Tucumán,35.32087516932818
2014,3,Buenos Aires,56.75473916407103
2014,3,Capital Federal,113.8005123324155
2014,3,Catamarca,24.70612130532762
2014,3,Chaco,21.11266670526243
2014,3,Chubut,40.59867094427454
2014,3,Córdoba,54.23361028299935
2014,3,Corrientes,22.78753503515243
2014,3,Entre Ríos,34.98164733371298
2014,3,Formosa,17.77131483146826
2014,3,Jujuy,18.36853421557037
2014,3,La Pampa,55.78120173850417
2014,3,La Rioja,16.50671327406722
2014,3,Mendoza,32.31317956165569
2014,3,Misiones,23.56735695434553
2014,3,Neuquén,56.39541102706976
2014,3,Río Negro,46.19618715783015
2014,3,Salta,29.2226843537979
2014,3,San Juan,27.85424447810275
2014,3,San Luis,9.711210759672754
2014,3,Santa Cruz,28.23194290427498
2014,3,Santa Fe,49.19588444557267
2014,3,Santiago Del Estero,16.49220390830193
2014,3,Tierra Del Fuego,65.68610204476191
2014,3,Tucumán,33.94375582221807
2014,2,Buenos Aires,55.06141695143392
2014,2,Capital Federal,113.1433524754098
2014,2,Catamarca,24.7031188600584
2014,2,Chaco,20.95799636749445
2014,2,Chubut,41.41020981991258
2014,2,Córdoba,53.448126115626
2014,2,Corrientes,22.57561300324359
2014,2,Entre Ríos,34.68743237145976
2014,2,Formosa,17.54041175485166
2014,2,Jujuy,18.70606099941357
2014,2,La Pampa,49.70759616034458
2014,2,La Rioja,16.50256481634566
2014,2,Mendoza,32.09823815024119
2014,2,Misiones,23.36774760129984
2014,2,Neuquén,50.84274905844866
2014,2,Río Negro,45.33491032014632
2014,2,Salta,28.91459400086288
2014,2,San Juan,27.78269781795891
2014,2,San Luis,9.717910199871824
2014,2,Santa Cruz,29.37700715305427
2014,2,Santa Fe,48.39035138670138
2014,2,Santiago Del Estero,16.69556734735444
2014,2,Tierra Del Fuego,64.35604517159936
2014,2,Tucumán,33.94452688568229
2014,1,Buenos Aires,54.57007287943976
2014,1,Capital Federal,112.2541227892691
2014,1,Catamarca,24.25175125458555
2014,1,Chaco,20.71853886384081
2014,1,Chubut,41.23521807972435
2014,1,Córdoba,52.51784754400632
2014,1,Corrientes,22.31671671383888
2014,1,Entre Ríos,34.36712182125017
2014,1,Formosa,17.41845107936871
2014,1,Jujuy,18.41535244687765
2014,1,La Pampa,48.42532103828204
2014,1,La Rioja,16.29410481583753
2014,1,Mendoza,31.91312298660578
2014,1,Misiones,23.13653864847733
2014,1,Neuquén,49.79160519138556
2014,1,Río Negro,44.91395713178851
2014,1,Salta,28.69955950963068
2014,1,San Juan,27.59549302299609
2014,1,San Luis,9.347207842190002
2014,1,Santa Cruz,28.93909306357778
2014,1,Santa Fe,47.84766256547095
2014,1,Santiago Del Estero,16.3099235039676
2014,1,Tierra Del Fuego,63.96592557415374
2014,1,Tucumán,33.4209747934719
